time/total_timesteps,time/time_elapsed,time/fps,time/iterations,rollout/ep_len_mean,rollout/ep_rew_mean,train/clip_fraction,train/learning_rate,train/approx_kl,train/clip_range,train/loss,train/n_updates,train/policy_gradient_loss,train/entropy_loss,train/value_loss,train/explained_variance,eval/mean_reward,eval/mean_ep_length
16384,1,9556,1,90.03,-181.94721664999994,,,,,,,,,,,,
32768,4,6711,2,103.94,-144.21350401,0.0613250732421875,0.0003,0.007128442,0.2,1806.4866943359375,4,-0.004428389009262901,-1.3814930020598695,4816.951979875565,-0.00035250186920166016,,
49152,7,6460,3,94.68,-138.3635077,0.0303955078125,0.0003,0.0078051747,0.2,913.3275146484375,8,-0.004728395177835409,-1.3728407591115683,2319.704890012741,-0.001589059829711914,,
65536,10,6207,4,97.89,-134.37474163,0.04449462890625,0.0003,0.007487152,0.2,704.2719116210938,12,-0.005261824872036414,-1.3665786647470668,1653.7926811873913,-0.003907561302185059,,
81920,13,5915,5,97.36,-130.24796415999998,0.072021484375,0.0003,0.008159243,0.2,598.19482421875,16,-0.00395087286733542,-1.3604446516837925,1110.609898597002,-0.000652313232421875,,
98304,20,4714,6,109.12,-113.36876852999998,0.0724639892578125,0.0003,0.0048529105,0.2,561.7178955078125,20,-0.0038731736717636522,-1.3575586028164253,1008.8741204440594,-2.3245811462402344e-05,,
100000,,,,,,0.047882080078125,0.0003,0.0060955603,0.2,394.99200439453125,24,-0.003889410258921089,-1.3485529737081379,674.9827690124512,-0.04706430435180664,-130.2043276,624.0
114688,32,3576,7,94.26,-82.01278002999999,,,,,,,,,,,,
131072,40,3241,8,99.75,-73.8852652,0.097259521484375,0.0003,0.0107921455,0.2,313.6188659667969,28,-0.005148024828940834,-1.3221843020292,433.63339675962925,-0.07110202312469482,,
147456,48,3045,9,108.7,-58.31717175,0.075775146484375,0.0003,0.009461158,0.2,139.19284057617188,32,-0.005636053582747991,-1.2971678029280156,364.09704917669296,-4.220008850097656e-05,,
163840,58,2781,10,121.48,-43.263711480000005,0.0490264892578125,0.0003,0.0083951345,0.2,146.05474853515625,36,-0.003191770420642115,-1.2523831592407078,357.65199379622936,-2.181529998779297e-05,,
180224,69,2600,11,140.92,-26.697236759999996,0.053741455078125,0.0003,0.009136366,0.2,208.59242248535156,40,-0.005654609566818181,-1.207637562067248,358.6621571332216,-0.00037479400634765625,,
196608,77,2532,12,168.91,-20.08074704,0.0396270751953125,0.0003,0.007089705,0.2,157.47210693359375,44,-0.003190347029885743,-1.183192344615236,442.95221692323685,-0.0009267330169677734,,
200000,,,,,,0.0679779052734375,0.0003,0.0099327965,0.2,265.8808898925781,48,-0.003978130957875692,-1.153015557792969,530.6362824440002,-1.3589859008789062e-05,-198.5200566,467.6
212992,90,2347,13,255.66,-21.314010479999997,,,,,,,,,,,,
229376,100,2281,14,346.17,-16.49209385,0.0705108642578125,0.0003,0.007976361,0.2,256.4244384765625,52,-0.002290350267685426,-1.2226165821775794,604.915024548769,7.480382919311523e-05,,
245760,110,2223,15,396.09,-14.357814090000002,0.002777099609375,0.0003,0.0028296101,0.2,131.29429626464844,56,-0.0007614946719058935,-1.2224281682865694,395.69847229123116,0.05491220951080322,,
262144,120,2167,16,414.35,-10.366213370000002,0.016754150390625,0.0003,0.0060173273,0.2,260.6153259277344,60,-0.0025722614182086545,-1.1793626205762848,355.7859584093094,0.3067680597305298,,
278528,133,2093,17,489.77,0.2642929899999982,0.0212554931640625,0.0003,0.00410907,0.2,180.28912353515625,64,-0.001340145585686514,-1.2053900444880128,297.345719948411,0.4169171452522278,,
294912,141,2079,18,523.39,5.768818359999999,0.0625762939453125,0.0003,0.0074285497,0.2,108.13066101074219,68,-0.0023361977148397273,-1.203707738313824,162.02157412841916,0.6230799555778503,,
300000,,,,,,0.0127410888671875,0.0003,0.0040615546,0.2,138.626953125,72,-0.001670737109179754,-1.192977343685925,256.4681754782796,0.5965988337993622,-141.6465616,830.2
311296,147,2112,19,593.03,17.623103720000003,,,,,,,,,,,,
327680,151,2168,20,618.68,28.03525004,0.0346832275390625,0.0003,0.0067255916,0.2,68.67975616455078,76,-0.0023055181663949043,-1.2198216574033722,138.61899502947927,0.7546223253011703,,
344064,154,2222,21,630.42,34.829489599999995,0.038848876953125,0.0003,0.0076594367,0.2,108.15717315673828,80,-0.0022415298724354216,-1.1800540387630463,134.1616982407868,0.8153695315122604,,
360448,158,2271,22,654.46,51.79165605000001,0.04180908203125,0.0003,0.0048020645,0.2,31.868589401245117,84,-0.0023612705937239298,-1.1723149064928293,119.58029146306217,0.848652258515358,,
376832,162,2319,23,627.26,57.720007869999996,0.026153564453125,0.0003,0.005174861,0.2,99.32001495361328,88,-0.001645880244041109,-1.1549336046446115,180.61483651772141,0.8104797750711441,,
393216,165,2369,24,633.73,64.2489631,0.03289794921875,0.0003,0.007127187,0.2,42.52477264404297,92,-0.0011734859922398755,-1.1110230687772855,99.67046545352787,0.889119066298008,,
400000,,,,,,0.025299072265625,0.0003,0.0069821933,0.2,46.692203521728516,96,-0.0013231985008133051,-1.1007947243051603,120.66650265082717,0.8881137669086456,146.9209798,904.6
409600,170,2398,25,611.74,63.31919918,,,,,,,,,,,,
425984,174,2438,26,676.5,73.93029946,0.0294647216796875,0.0003,0.004386119,0.2,13.371357917785645,100,-0.0008485187455562482,-1.0589244363945909,111.09927556291223,0.8903695195913315,,
442368,178,2473,27,729.9,84.08265646,0.03204345703125,0.0003,0.0053811935,0.2,15.716025352478027,104,-0.00034472248012207274,-1.0547914535272866,55.68174410238862,0.9294626340270042,,
458752,183,2503,28,740.73,83.27288182000002,0.028533935546875,0.0003,0.003979655,0.2,15.890185356140137,108,-0.000669990810138188,-1.0831681329291314,75.13976660370827,0.9229135811328888,,
475136,187,2535,29,785.61,91.73513158000002,0.01739501953125,0.0003,0.003106013,0.2,63.436439514160156,112,-0.0009338325976386841,-1.0790172996930778,116.10370186343789,0.8854097276926041,,
491520,191,2561,30,817.78,95.70361263,0.0396728515625,0.0003,0.0056795264,0.2,10.882636070251465,116,-0.0014635073912359076,-1.0792616269318387,54.48131066560745,0.9448936767876148,,
500000,,,,,,0.0410919189453125,0.0003,0.005333524,0.2,28.616376876831055,120,-0.0016062803333625197,-1.080641316715628,44.96904894802719,0.9555883407592773,-1.230494,1000.0
507904,197,2569,31,864.29,100.64245397000002,,,,,,,,,,,,
524288,202,2595,32,870.1,98.81388859999998,0.0297088623046875,0.0003,0.0062748063,0.2,8.746553421020508,124,-0.000649470345933878,-1.0476893375162035,26.53355285152793,0.9671041294932365,,
540672,206,2618,33,914.81,106.90387671,0.0315704345703125,0.0003,0.007958155,0.2,11.369169235229492,128,-0.0006914823557053751,-1.056831702531781,32.013517898041755,0.9661088287830353,,
557056,210,2642,34,930.06,111.60366779,0.0233612060546875,0.0003,0.0034813753,0.2,8.352653503417969,132,-0.000544071189551687,-1.0037086919182912,26.814776718383655,0.974220322445035,,
573440,215,2663,35,951.23,117.8298283,0.0329437255859375,0.0003,0.0038504258,0.2,2.783064842224121,136,-0.0016446567389039046,-1.0160037277382798,26.39276972017251,0.9725481569766998,,
589824,219,2685,36,952.13,120.24874813999999,0.040008544921875,0.0003,0.0037710385,0.2,1.6325362920761108,140,-0.00022655376892544155,-1.008255882828962,9.783449847716838,0.9864280810579658,,
600000,,,,,,0.036376953125,0.0003,0.0044494774,0.2,15.340858459472656,144,-0.0014629999474209399,-0.9592088256613351,26.894147882936522,0.9755947347730398,176.7490072,794.2
606208,225,2690,37,952.13,122.62597382,,,,,,,,,,,,
622592,230,2705,38,958.47,125.62029430999999,0.0226287841796875,0.0003,0.003656868,0.2,5.806375980377197,148,0.00041948749731091084,-0.9719310775981285,6.983971952227876,0.9919622372835875,,
638976,234,2725,39,965.64,128.90810107999997,0.0227813720703125,0.0003,0.0034878356,0.2,22.497848510742188,152,-0.0004775856186824967,-0.9846245984663256,18.372764315688983,0.9832241628319025,,
655360,239,2739,40,979.69,131.26784476999998,0.0389862060546875,0.0003,0.004646321,0.2,3.1150975227355957,156,-0.00032912947517615976,-0.994050225650426,7.661566645489074,0.991209669969976,,
671744,244,2747,41,979.69,131.23113817,0.032806396484375,0.0003,0.0043392577,0.2,3.1376142501831055,160,-0.0011583962470922415,-1.034822121670004,5.54607790109003,0.9944127229973674,,
688128,249,2761,42,986.91,132.12416793000003,0.0371246337890625,0.0003,0.0060484475,0.2,0.7759377956390381,164,-0.0005841325141773268,-1.015762175200507,3.5108296773396432,0.9958276054821908,,
700000,,,,,,0.032684326171875,0.0003,0.0055315737,0.2,1.7141869068145752,168,-0.0004334147906774888,-1.0197248241165653,6.162069338548463,0.9930497212335467,233.21665579999998,484.4
704512,254,2769,43,986.44,132.38672929,,,,,,,,,,,,
720896,258,2788,44,992.2,137.0273565,0.0352630615234375,0.0003,0.0054850006,0.2,2.2273364067077637,172,-0.00035833141993180107,-0.9532735385582782,15.559112796909176,0.9857098674401641,,
737280,262,2808,45,991.51,137.7995731,0.04779052734375,0.0003,0.006764177,0.2,43.63471603393555,176,-0.0017736017848619667,-0.9274663990945555,28.55624839226948,0.9792218673974276,,
753664,267,2818,46,991.51,141.81988377,0.0345306396484375,0.0003,0.0034507364,0.2,50.642433166503906,180,-0.00039887532830107375,-0.9263381462078542,23.802552024833858,0.9836838077753782,,
770048,272,2830,47,984.95,142.60134373,0.0421142578125,0.0003,0.0042155264,0.2,0.43740031123161316,184,-0.0011685871093050082,-0.8592681110021658,3.557135677023325,0.997171524213627,,
786432,277,2839,48,966.04,143.24116364000002,0.028350830078125,0.0003,0.0037903748,0.2,0.8352257609367371,188,-0.00014741335667167732,-0.8765205746749416,15.551088186446577,0.9881423525512218,,
800000,,,,,,0.0234832763671875,0.0003,0.0036877415,0.2,6.422836780548096,192,-0.00032916361828938534,-0.7982385455979966,45.69227574695833,0.9692620914429426,224.64766100000003,482.8
802816,282,2844,49,951.01,145.29997457000002,,,,,,,,,,,,
819200,286,2857,50,946.32,146.34117658,0.01800537109375,0.0003,0.0022178332,0.2,4.378187656402588,196,-0.0008271231256458123,-0.8248196062049828,75.39328757999465,0.9498243294656277,,
835584,290,2874,51,918.37,155.66741369,0.06402587890625,0.0003,0.0059765503,0.2,9.340677261352539,200,-0.002001063055558916,-0.7677202564664185,67.4988719484536,0.9549318961799145,,
851968,294,2889,52,816.5,183.16792297,0.0498199462890625,0.0003,0.0036825049,0.2,80.5496826171875,204,-0.002002287237701239,-0.7034264633548446,175.73782191891223,0.8825592398643494,,
868352,298,2905,53,629.63,222.42198548999997,0.0729522705078125,0.0003,0.0087894015,0.2,199.30284118652344,208,-0.0037815017476532375,-0.7301787356263958,346.87141843885183,0.7667875736951828,,
884736,302,2922,54,455.99,245.99194488,0.062835693359375,0.0003,0.011489617,0.2,140.73922729492188,212,-0.0034810066945283324,-0.7654006103985012,300.42710107192397,0.619926929473877,,
900000,,,,,,0.0569915771484375,0.0003,0.0055543054,0.2,69.13130950927734,216,-0.0005746857109443226,-0.8120726279448718,148.4970365203917,0.7694709897041321,243.88814499999998,413.6
901120,306,2935,55,394.72,250.37028972,,,,,,,,,,,,
917504,310,2952,56,365.99,244.23604596999996,0.0517730712890625,0.0003,0.004390492,0.2,204.62457275390625,220,-0.0019159581183885166,-0.7922810820746236,178.2905303593725,0.663573145866394,,
933888,314,2970,57,357.72,245.53506368000006,0.04364013671875,0.0003,0.0046503246,0.2,257.180419921875,224,-0.0015756054528992536,-0.8109303204691969,248.35333606228232,0.5948966443538666,,
950272,318,2988,58,352.6,256.06707844,0.05419921875,0.0003,0.004725735,0.2,166.1239013671875,228,-0.0002873272223951062,-0.8159574455930851,92.0287979003042,0.7987533807754517,,
966656,322,2997,59,457.02,232.16528693,0.0724639892578125,0.0003,0.017608602,0.2,8.067398071289062,232,-0.005900409394371309,-0.8716187335085124,22.038047768175602,0.8781153634190559,,
983040,327,3006,60,556.37,204.97632759,0.0456695556640625,0.0003,0.0052026077,0.2,10.564505577087402,236,0.0004280025716525415,-0.8617717352462932,19.935437050182372,0.7992020547389984,,
999424,331,3010,61,660.64,178.07668820000004,0.0479736328125,0.0003,0.0052161925,0.2,2.4809274673461914,240,0.00032975460726447636,-0.8852789612719789,16.03259744308889,0.9126291275024414,,
1000000,,,,,,0.0381317138671875,0.0003,0.0050594998,0.2,5.108236312866211,244,-0.00017968395695788786,-0.8993991788593121,13.204990915954113,0.9584296531975269,251.43798139999998,406.0
1015808,337,3012,62,766.19,149.11102656,,,,,,,,,,,,
